linear_velocity_x,linear_velocity_y,angular_velocity_theta,current_pos_x,current_pos_y,current_pos_theta,desired_pos_x,desired_pos_y,desired_pos_theta,time_in_seconds
0.0005435943603515625,-3.203749656677246e-06,0.00013838826271239668,-1.2958405017852783,0.05002787709236145,-0.0003927377110812813,-1.294058978417013,0.05000098263778676,-7.872909489977337e-05,0.08427286148071289
-0.0004839897155761719,-2.0489096641540527e-05,9.90921471384354e-05,-1.2958647012710571,0.05002685263752937,-0.0003877928538713604,-1.2939488326611395,0.05000097288357837,-9.838500980623672e-05,0.09940528869628906
0.00034332275390625,0.00021204352378845215,-0.007526302244514227,-1.2958475351333618,0.050037454813718796,-0.0007641047704964876,-1.2937329181730497,0.05000094748181942,-0.00013690787421558005,0.11983036994934082
0.00016689300537109375,0.0003658980131149292,-0.007398487534373999,-1.2958391904830933,0.05005574971437454,-0.0011340348282828927,-1.2935475089349981,0.05000091903179931,-0.0001699797593401032,0.13388681411743164
0.0005173683166503906,0.00044010579586029053,-0.010008757002651691,-1.2958133220672607,0.05007775500416756,-0.0016344719333574176,-1.2932796373236701,0.0500008671009337,-0.00021774708213332622,0.15006256103515625
0.0010514259338378906,0.0005254894495010376,-0.01395516935735941,-1.2957607507705688,0.05010402947664261,-0.0023322172928601503,-1.2928420229207904,0.05000075474278976,-0.00029574872457856775,0.17054080963134766
8.106231689453125e-05,0.0007105618715286255,-0.017484039068222046,-1.2957566976547241,0.05013955757021904,-0.00320643512532115,-1.2924293567825758,0.050000617527296454,-0.0003692643048216805,0.18667078018188477
0.0014972686767578125,0.0010082870721817017,-0.020730754360556602,-1.2956818342208862,0.050189971923828125,-0.004242958500981331,-1.2920112441480187,0.05000044756822898,-0.0004437113518492153,0.2008042335510254
0.0010323524475097656,0.0009282678365707397,-0.0245671384036541,-1.2956302165985107,0.05023638531565666,-0.005471317563205957,-1.2912777226489167,0.05000007422206229,-0.0005742241425417588,0.2212514877319336
0.0008988380432128906,0.0012709945440292358,-0.031270503997802734,-1.29558527469635,0.050299935042858124,-0.007034854032099247,-1.2906533514022223,0.049999681036650825,-0.0006852215143810576,0.23649835586547852
0.0014638900756835938,0.0013988465070724487,-0.03226667270064354,-1.295512080192566,0.050369877368211746,-0.008648191578686237,-1.289660592483142,0.049998913242823496,-0.0008615295542730721,0.2570474147796631
0.0022840499877929688,0.001511797308921814,-0.035608503967523575,-1.2953978776931763,0.05044546723365784,-0.010428604669868946,-1.2885718653609008,0.04999787013218696,-0.0010546279049624195,0.27654409408569336
0.0015926361083984375,0.0015678256750106812,-0.03641189634799957,-1.2953182458877563,0.05052385851740837,-0.012249217368662357,-1.287620834411444,0.04999678702671098,-0.0012230876663970659,0.2918527126312256
0.0030755996704101562,0.0017046928405761719,-0.038012851029634476,-1.2951644659042358,0.05060909315943718,-0.014149848371744156,-1.2862459498648906,0.04999493819957656,-0.0014662693027369428,0.31133151054382324
0.002930164337158203,0.0016977638006210327,-0.040250010788440704,-1.295017957687378,0.05069398134946823,-0.01616235449910164,-1.2845938592821566,0.04999227478410099,-0.0017579235239098014,0.3319556713104248
0.0037145614624023438,0.0016982853412628174,-0.04124876856803894,-1.2948322296142578,0.05077889561653137,-0.018224800005555153,-1.2828460834805457,0.04998893316905533,-0.002065806850564172,0.3514547348022461
0.004591941833496094,0.0016852468252182007,-0.04086322337388992,-1.294602632522583,0.05086315795779228,-0.020267965272068977,-1.281358164451018,0.0499856647511291,-0.002327377696418385,0.36672329902648926
0.005261898040771484,0.0020126253366470337,-0.04061596468091011,-1.2943395376205444,0.050963789224624634,-0.02229877933859825,-1.2792692333138393,0.04998042015328832,-0.0026937715095812016,0.38609910011291504
0.00614166259765625,0.0014244019985198975,-0.03991419076919556,-1.2940324544906616,0.05103500932455063,-0.024294504895806313,-1.2775001069895502,0.04997538060677903,-0.0030033118149762478,0.40131211280822754
0.006530284881591797,0.0015409290790557861,-0.0395515039563179,-1.293705940246582,0.05111205577850342,-0.02627212554216385,-1.2756016597231419,0.049969364265493074,-0.0033347036983667343,0.41649365425109863
0.007991790771484375,0.0015775859355926514,-0.03953220322728157,-1.2933063507080078,0.05119093507528305,-0.028248755261301994,-1.2726178514307138,0.04995863896798097,-0.003853933972836242,0.4381108283996582
0.008594989776611328,0.0011704117059707642,-0.037838391959667206,-1.2928766012191772,0.05124945566058159,-0.030140740796923637,-1.2703728528126326,0.04994954957615541,-0.0042432935480313525,0.45332908630371094
0.011069774627685547,0.0012011826038360596,-0.036260150372982025,-1.292323112487793,0.05130951479077339,-0.031953755766153336,-1.268163385722037,0.04993975177275548,-0.004625396327541544,0.467440128326416
0.012123584747314453,0.0011724233627319336,-0.034777555614709854,-1.2917169332504272,0.05136813595890999,-0.03369266167283058,-1.265636125346268,0.049927511194062864,-0.0050611274442104726,0.48261094093322754
0.013995170593261719,0.0011602789163589478,-0.03521860018372536,-1.2910171747207642,0.051426149904727936,-0.03545361012220383,-1.2627663210706632,0.04991227866167145,-0.005554196894072633,0.49877357482910156
0.01565694808959961,0.0008748471736907959,-0.03358808159828186,-1.2902343273162842,0.051469892263412476,-0.037133004516363144,-1.260746710579188,0.049900711777907815,-0.005900095744751014,0.5096821784973145
0.017156600952148438,0.0006014108657836914,-0.032171785831451416,-1.2893764972686768,0.05149996280670166,-0.03874159976840019,-1.2577764281921677,0.04988243303249033,-0.006407171642538247,0.524843692779541
0.018775463104248047,0.0006856769323348999,-0.03199459984898567,-1.2884377241134644,0.051534246653318405,-0.0403413400053978,-1.2524751808013268,0.04984607775305822,-0.007307319395978492,0.5496072769165039
0.021030902862548828,0.0004949420690536499,-0.029737457633018494,-1.287386178970337,0.05155899375677109,-0.0418282113969326,-1.2493170249385548,0.04982215694969382,-0.007840611887142468,0.5636625289916992
0.023679733276367188,0.0001354515552520752,-0.026595665141940117,-1.2862021923065186,0.05156576633453369,-0.04315799102187157,-1.2443862628891913,0.049781451783355975,-0.008668815346329689,0.5841579437255859
0.025644302368164062,4.842877388000488e-05,-0.02533503621816635,-1.2849199771881104,0.05156818777322769,-0.04442475363612175,-1.240555518821207,0.049747016494511534,-0.00930854040339285,0.5993216037750244
0.028140544891357422,-0.0004023313522338867,-0.023498360067605972,-1.2835129499435425,0.051548071205616,-0.04559968411922455,-1.2362595320034069,0.049705491647569336,-0.010022101971279205,0.6154875755310059
0.031063556671142578,-0.0004892796277999878,-0.02188413217663765,-1.2819597721099854,0.051523607224226,-0.046693895012140274,-1.2320247705464253,0.04966156655932854,-0.010721505345352001,0.630702018737793
0.034122467041015625,-0.0008074939250946045,-0.01966562494635582,-1.2802536487579346,0.05148323252797127,-0.047677166759967804,-1.2263178128309524,0.049597701613686346,-0.011657794727933015,0.6500663757324219
0.03667116165161133,-0.0009006261825561523,-0.018156984820961952,-1.278420090675354,0.05143820121884346,-0.04858502000570297,-1.2216588085523912,0.04954161514727034,-0.012416833565270399,0.6652038097381592
0.040612220764160156,-0.0016899406909942627,-0.015864945948123932,-1.276389479637146,0.05135370418429375,-0.049378205090761185,-1.2168041872960735,0.0494794231811239,-0.013202657366637727,0.6803245544433594
0.04439353942871094,-0.0018996745347976685,-0.012864862568676472,-1.2741698026657104,0.051258720457553864,-0.050021376460790634,-1.2102604847249807,0.049389579303494135,-0.01425369171007909,0.6996641159057617
0.045146942138671875,-0.0017108023166656494,-0.012042496353387833,-1.2719124555587769,0.05117318034172058,-0.050623614341020584,-1.2049421050071696,0.04931151127715823,-0.015100986378159938,0.7147681713104248
0.051283836364746094,-0.0023670494556427,-0.0108827268704772,-1.2693482637405396,0.051054827868938446,-0.05116770416498184,-1.1969718354928174,0.04918611880652911,-0.016359143144743803,0.736194372177124
0.0564265251159668,-0.0027376413345336914,-0.006958017125725746,-1.2665269374847412,0.05091794580221176,-0.051515452563762665,-1.1915656621896729,0.04909538165124185,-0.017204614927011384,0.7502281665802002
0.05772829055786133,-0.0029691308736801147,-0.005131429526954889,-1.2636405229568481,0.050769489258527756,-0.0517720952630043,-1.1850555790969644,0.04898007472844264,-0.018214234245067993,0.766472578048706
0.06413459777832031,-0.003160238265991211,-0.004299134481698275,-1.2604337930679321,0.050611477345228195,-0.05198697745800018,-1.1768585476807425,0.04882558756985254,-0.019472291800629177,0.7860021591186523
0.06791114807128906,-0.0034777820110321045,-0.001783036277629435,-1.2570382356643677,0.05043758824467659,-0.05207614228129387,-1.1682812788276609,0.048652955443205595,-0.02077299446984958,0.8055400848388672
0.07291316986083984,-0.0038999319076538086,0.0032085133716464043,-1.2533925771713257,0.0502425916492939,-0.05191570520401001,-1.1613525245032705,0.048505396638131165,-0.021811989855288663,0.8207926750183105
0.0781869888305664,-0.0037059932947158813,0.0016288252081722021,-1.2494832277297974,0.050057291984558105,-0.05183422565460205,-1.1515666452702626,0.04828479985395072,-0.02326160739930156,0.8413882255554199
0.08296489715576172,-0.0042760372161865234,0.0014696078142151237,-1.2453349828720093,0.04984349012374878,-0.051760751754045486,-1.1446660813206726,0.048120761110159074,-0.02427128660519253,0.8554821014404297
0.08924722671508789,-0.004818588495254517,0.0030906638130545616,-1.2408726215362549,0.04960256069898605,-0.0516062006354332,-1.1336528343311094,0.047844617784243926,-0.02586129442474104,0.8769943714141846
0.09446144104003906,-0.005280449986457825,0.004725662060081959,-1.236149549484253,0.04933853819966316,-0.05136992782354355,-1.1256906179676427,0.0476341352933119,-0.026994425175652904,0.8920798301696777
0.10106801986694336,-0.00604480504989624,0.007037344388663769,-1.2310961484909058,0.04903629794716835,-0.051018040627241135,-1.1180390803182254,0.047423408658043946,-0.028070395918036853,0.9061775207519531
0.10621786117553711,-0.006138011813163757,0.008824093267321587,-1.225785255432129,0.04872939735651016,-0.050576865673065186,-1.1095956042012711,0.04718136928417206,-0.029243019534727334,0.9212849140167236
0.11356592178344727,-0.006881058216094971,0.008157391101121902,-1.2201069593429565,0.048385344445705414,-0.050168998539447784,-1.097694546302665,0.04682352887862967,-0.030869651622992017,0.9417688846588135
0.11922121047973633,-0.008385777473449707,0.010650379583239555,-1.2141458988189697,0.04796605557203293,-0.04963649436831474,-1.0859909669793044,0.04645290453611452,-0.03243946245204327,0.9612042903900146
0.12610435485839844,-0.008879750967025757,0.011209912598133087,-1.2078406810760498,0.04752206802368164,-0.04907599091529846,-1.0764826764313897,0.04613837074726026,-0.03369306694184416,0.9765634536743164
0.13354063034057617,-0.00829346477985382,0.013629625551402569,-1.201163649559021,0.04710739478468895,-0.04839451238512993,-1.0631957945695407,0.045679048744186206,-0.035412230823461344,0.997260332107544
0.1412653923034668,-0.008507445454597473,0.01473261509090662,-1.1941003799438477,0.046682022511959076,-0.04765786975622177,-1.0395690543906442,0.04480673464500705,-0.03837545122302316,1.0319650173187256
0.14866352081298828,-0.008397400379180908,0.013185607269406319,-1.1866672039031982,0.04626215249300003,-0.046998586505651474,-1.0249099650534403,0.04423079920553376,-0.04015369561108081,1.0527770519256592
0.16004562377929688,-0.00794626772403717,0.012251492589712143,-1.1786649227142334,0.04586483910679817,-0.04638596624135971,-1.0073794953637867,0.04350827148061598,-0.04221974087858052,1.0767383575439453
0.16854286193847656,-0.008664950728416443,0.014759269542992115,-1.1702377796173096,0.04543159157037735,-0.045648012310266495,-0.9831795985956268,0.042452434474372726,-0.04496362695182469,1.1082603931427002
0.1788949966430664,-0.009349659085273743,0.012904842384159565,-1.1612930297851562,0.04496410861611366,-0.04500275477766991,-0.9603861202361127,0.041398447611357636,-0.047433409598420094,1.1367321014404297
0.19050836563110352,-0.009214356541633606,0.011620428413152695,-1.151767611503601,0.04450339078903198,-0.0444217324256897,-0.934937576110363,0.04015664171134425,-0.050059571254287435,1.1671788692474365
0.20235538482666016,-0.009325146675109863,0.009941593743860722,-1.141649842262268,0.04403713345527649,-0.04392467066645622,-0.912347173361697,0.038999538836846634,-0.052274733454564105,1.1932590007781982
0.21570444107055664,-0.009512007236480713,0.009022177197039127,-1.1308646202087402,0.043561533093452454,-0.04347356781363487,-0.8898400730618948,0.0377980283610698,-0.05437314893499757,1.218393087387085
0.22917747497558594,-0.010675042867660522,0.007889823988080025,-1.119405746459961,0.04302778095006943,-0.043079063296318054,-0.8552464137655168,0.035862175594639646,-0.057386934657297814,1.2552602291107178
0.2419137954711914,-0.010037273168563843,0.008032255806028843,-1.1073100566864014,0.042525917291641235,-0.042677462100982666,-0.8321818384037715,0.03451529441972472,-0.05925370100890281,1.2791292667388916
0.25977611541748047,-0.010856688022613525,0.004708529449999332,-1.0943212509155273,0.04198308289051056,-0.04244203492999077,-0.806053105151603,0.03293901852496583,-0.06123031816193585,1.3053429126739502
0.2756953239440918,-0.012028589844703674,0.004439497832208872,-1.0805364847183228,0.041381653398275375,-0.042220037430524826,-0.7814719077453225,0.03141046678369304,-0.06295553883967721,1.3293330669403076
0.29186487197875977,-0.012330114841461182,0.004890785086899996,-1.0659432411193848,0.040765147656202316,-0.0419754721224308,-0.7551209133889744,0.02972645275637194,-0.06465985987565898,1.3543448448181152
0.29751062393188477,-0.01275382936000824,0.003248864319175482,-1.0510677099227905,0.040127456188201904,-0.041813042014837265,-0.7329970354448474,0.02827912875785886,-0.06597439077133947,1.3748812675476074
0.29952287673950195,-0.012602955102920532,0.0030017555691301823,-1.0360915660858154,0.03949730843305588,-0.04166295751929283,-0.7104200701667878,0.02677328915216233,-0.06720585642846551,1.395390272140503
0.30045509338378906,-0.01252293586730957,0.001069696620106697,-1.021068811416626,0.0388711616396904,-0.04160948470234871,-0.6934467565562888,0.02562350611220159,-0.06805821032816979,1.4105677604675293
0.3025078773498535,-0.01267939805984497,0.0010978389764204621,-1.0059434175491333,0.03823719173669815,-0.04155455902218819,-0.6701299437981272,0.024021411685357305,-0.06912584124153087,1.4309959411621094
0.30159592628479004,-0.012553483247756958,-0.00015633879229426384,-0.9908636212348938,0.0376095175743103,-0.041562389582395554,-0.6463241945857235,0.022361388227621792,-0.07009189705373935,1.4514386653900146
0.3028857707977295,-0.012564584612846375,-0.0007578378426842391,-0.9757193326950073,0.036981288343667984,-0.041600301861763,-0.6272326378408102,0.02101434008537506,-0.07077561887164528,1.4675796031951904
0.3048837184906006,-0.012443885207176208,-0.0024749753065407276,-0.9604751467704773,0.036359094083309174,-0.04172402620315552,-0.6077571614108928,0.01962750208969319,-0.07138910705902468,1.4837965965270996
0.3047919273376465,-0.012511014938354492,-0.0030999677255749702,-0.945235550403595,0.03573354333639145,-0.041879039257764816,-0.5893604495217579,0.018307190521622527,-0.07189025626972297,1.498903512954712
0.3059983253479004,-0.012697651982307434,-0.0038665723986923695,-0.9299356341362,0.03509866073727608,-0.0420723557472229,-0.5639225880632136,0.01646774063023698,-0.07245693579335023,1.5194153785705566
0.3056943416595459,-0.012676119804382324,-0.004592290148139,-0.9146509170532227,0.03446485474705696,-0.04230199009180069,-0.5462448457981219,0.015181786630669065,-0.07276380313311728,1.5334913730621338
0.30743837356567383,-0.012903958559036255,-0.005674073006957769,-0.899278998374939,0.03381965681910515,-0.04258568584918976,-0.5268003186039305,0.013761796385219578,-0.07301836189072972,1.5487725734710693
0.30829787254333496,-0.012914016842842102,-0.006464096251875162,-0.8838641047477722,0.03317395597696304,-0.04290888458490372,-0.500330087403349,0.011822442916041193,-0.07322400272757937,1.5692253112792969
0.3083992004394531,-0.01292295753955841,-0.0077663264237344265,-0.8684441447257996,0.03252780809998512,-0.043297216296195984,-0.4789507279105689,0.010253465652735431,-0.07327037781584794,1.585522174835205
0.309985876083374,-0.013121888041496277,-0.008507737889885902,-0.8529448509216309,0.03187171369791031,-0.04372260347008705,-0.45303966508205495,0.008352357117743684,-0.07318160613165105,1.6049714088439941
0.31145811080932617,-0.013382062315940857,-0.01011752150952816,-0.8373719453811646,0.031202610582113266,-0.04422847554087639,-0.43260303030855846,0.006855806599529668,-0.07299832260467792,1.6201274394989014
0.3127634525299072,-0.01324579119682312,-0.010790796019136906,-0.8217337727546692,0.03054032102227211,-0.044768016785383224,-0.4043557538741666,0.004795633540581157,-0.0725784899202123,1.6407551765441895
0.3134787082672119,-0.013647042214870453,-0.01135946623980999,-0.8060598373413086,0.029857968911528587,-0.045335981994867325,-0.37723641990419954,0.0028314822184928104,-0.07199118879468859,1.660273551940918
0.31519293785095215,-0.013788081705570221,-0.012463745661079884,-0.790300190448761,0.029168564826250076,-0.045959170907735825,-0.3558563446742408,0.0012957972266803217,-0.07139913225607909,1.6754887104034424
0.31710386276245117,-0.014265142381191254,-0.013372937217354774,-0.7744449973106384,0.028455307707190514,-0.04662780463695526,-0.3280383608424662,-0.0006810377887592409,-0.07045592602201715,1.6950197219848633
0.3173947334289551,-0.01447141170501709,-0.014164569787681103,-0.7585752606391907,0.02773173712193966,-0.04733604937791824,-0.29831013388681604,-0.002761273385915468,-0.06922834119325874,1.7156009674072266
0.3194606304168701,-0.014666654169559479,-0.014178754761815071,-0.7426022291183472,0.026998404413461685,-0.048044975847005844,-0.26826330938538,-0.004823019836985576,-0.06775266060054227,1.7361207008361816
0.32147645950317383,-0.014831312000751495,-0.015275077894330025,-0.7265284061431885,0.02625683881342411,-0.0488087423145771,-0.2522907110625906,-0.005899878260195675,-0.06687040402269766,1.7469441890716553
0.3239142894744873,-0.01529395580291748,-0.016081014648079872,-0.7103326916694641,0.025492141023278236,-0.049612775444984436,-0.22304623863862552,-0.007832605371621892,-0.06507599631565539,1.7665293216705322
0.3232908248901367,-0.015451237559318542,-0.0164621714502573,-0.6941681504249573,0.02471957914531231,-0.05043588951230049,-0.19348972394681138,-0.009728877741689422,-0.06302275147602195,1.786086082458496
0.3256368637084961,-0.015829242765903473,-0.016430508345365524,-0.6778863072395325,0.023928117007017136,-0.0512574166059494,-0.17019451337454566,-0.01117830391281107,-0.061231103179679995,1.8013534545898438
0.3274238109588623,-0.015939995646476746,-0.016686491668224335,-0.6615151166915894,0.0231311172246933,-0.05209174379706383,-0.14669110417992737,-0.012596374697023592,-0.05926541879854353,1.816619873046875
0.32819032669067383,-0.016485154628753662,-0.016752170398831367,-0.6451056003570557,0.022306859493255615,-0.0529293529689312,-0.12294773435056097,-0.013979903983013228,-0.05711537533745405,1.8319077491760254
0.3293919563293457,-0.01677289605140686,-0.016748636960983276,-0.6286360025405884,0.021468214690685272,-0.05376679077744484,-0.09232390258635073,-0.015685203204495415,-0.054093043281269904,1.8514211177825928
0.3303682804107666,-0.017120391130447388,-0.01626078598201275,-0.61211758852005,0.020612195134162903,-0.05457984656095505,-0.06846013629353315,-0.016947115602757523,-0.05153874917273796,1.8664968013763428
0.3330099582672119,-0.01736663281917572,-0.016643714159727097,-0.5954670906066895,0.019743863493204117,-0.05541200563311577,-0.04614229785584037,-0.018070130539646664,-0.04898841379808959,1.8804905414581299
0.3333461284637451,-0.017833299934864044,-0.01692230999469757,-0.5787997841835022,0.018852198496460915,-0.05625814199447632,-0.02707239259210839,-0.018983237225641672,-0.04668303845470102,1.8923718929290771
0.33468127250671387,-0.01821361482143402,-0.016506977379322052,-0.5620657205581665,0.017941517755389214,-0.05708347633481026,0.0045123511544718845,-0.02039508481750467,-0.04260294563522779,1.9118759632110596
0.3346717357635498,-0.018440037965774536,-0.01584615372121334,-0.545332133769989,0.017019515857100487,-0.05787579342722893,0.03115730532012244,-0.021482054882267954,-0.03890063114354299,1.9281940460205078
0.33696413040161133,-0.01902703195810318,-0.01616041734814644,-0.5284839272499084,0.016068164259195328,-0.058683816343545914,0.05803961120870234,-0.022475267442725738,-0.03491692632548533,1.9445316791534424
0.3386867046356201,-0.019477233290672302,-0.014476831071078777,-0.5115495920181274,0.015094302594661713,-0.05940765514969826,0.08323668998479417,-0.02330587834170167,-0.030950209546705642,1.9597373008728027
0.3404355049133301,-0.019574500620365143,-0.014152257703244686,-0.49452781677246094,0.014115577563643456,-0.06011524423956871,0.11007270149735257,-0.02407716335673271,-0.026470836091559105,1.9758193492889404
0.34042656421661377,-0.019795894622802734,-0.013857917860150337,-0.47750648856163025,0.013125782832503319,-0.060808178037405014,0.12638543061267152,-0.024485916014137354,-0.023616419480630077,1.9855461120605469
0.342787504196167,-0.020137354731559753,-0.012211145833134651,-0.4603671133518219,0.012118915095925331,-0.061418719589710236,0.1427679542606414,-0.024848693969202446,-0.020647475760904838,1.995274543762207
0.34239470958709717,-0.020472966134548187,-0.011497173458337784,-0.44324737787246704,0.011095266789197922,-0.06199359521269798,0.15922194491475922,-0.025163214880153578,-0.017560469293331184,2.0050063133239746
0.3424072265625,-0.021014343947172165,-0.010852589271962643,-0.42612701654434204,0.010044549591839314,-0.06253619492053986,0.1866932432932657,-0.0255722579879423,-0.012166279990855063,2.0211644172668457
0.34218788146972656,-0.020929034799337387,-0.008887775242328644,-0.4090176224708557,0.008998097851872444,-0.06298060715198517,0.21091737151701168,-0.02580676367378104,-0.007153821541528248,2.0353312492370605
0.3439265489578247,-0.02130238339304924,-0.007472665049135685,-0.3918212950229645,0.007932978682219982,-0.06335422396659851,0.2371780590901618,-0.025920258666619095,-0.001440675353207928,2.050605058670044
0.34514784812927246,-0.021565165370702744,-0.007494952995330095,-0.37456390261650085,0.006854720413684845,-0.0637289509177208,0.27096575374492643,-0.025838711219938082,0.006352052369108235,2.070134401321411
0.3454393148422241,-0.022015441209077835,-0.006064563523977995,-0.35729193687438965,0.005753948353230953,-0.06403223425149918,0.30681133613628175,-0.025454467890451832,0.015184916391892365,2.0907156467437744
0.3486686944961548,-0.022129938006401062,-0.00414254842326045,-0.3398585021495819,0.0046474514529109,-0.06423934549093246,0.32402886306076034,-0.02515482288090129,0.019642128837335755,2.1005542278289795
0.35087645053863525,-0.022788140922784805,-0.000794332823716104,-0.32231467962265015,0.00350804440677166,-0.06427910178899765,0.3525264491884029,-0.024486263447555473,0.027336143831312994,2.1167750358581543
0.3520089387893677,-0.022643571719527245,0.0014132980722934008,-0.30471423268318176,0.0023758658207952976,-0.06420837342739105,0.3869675625149277,-0.023376610832793437,0.0371801723314861,2.1362812519073486
0.35200953483581543,-0.022788334637880325,0.0036295121535658836,-0.287113755941391,0.0012364491121843457,-0.06402694433927536,0.4158314347626536,-0.022177856498519055,0.04590847640248894,2.15255069732666
0.35566627979278564,-0.022507961839437485,0.006592352408915758,-0.2693304419517517,0.00011105106386821717,-0.06369732320308685,0.44096470212679917,-0.020923562967935072,0.05387804203648944,2.166663646697998
0.3572654724121094,-0.022954149171710014,0.009373337961733341,-0.25146716833114624,-0.0010366564383730292,-0.06322862952947617,0.46772923245646747,-0.019361863264353907,0.06275676037815509,2.1816437244415283
0.3581184148788452,-0.022981978952884674,0.012119440361857414,-0.23356124758720398,-0.0021857554093003273,-0.06262267380952835,0.5047097851549976,-0.016799853311221635,0.07571672215984843,2.202273368835449
0.35931289196014404,-0.023119421675801277,0.014425237663090229,-0.21559560298919678,-0.003341726493090391,-0.06190142035484314,0.5322530289747918,-0.014570165835884219,0.08591328219298827,2.217583179473877
0.3620728850364685,-0.023330291733145714,0.017943687736988068,-0.19749195873737335,-0.004508241079747677,-0.06100425124168396,0.5675196685267081,-0.011290497279079992,0.09967862975756915,2.2371394634246826
0.36403924226760864,-0.02290111966431141,0.0215238556265831,-0.17928999662399292,-0.005653297062963247,-0.0599280446767807,0.5953566935551308,-0.008346639921655408,0.11113065779307808,2.252535343170166
0.36628901958465576,-0.02321818843483925,0.02567492052912712,-0.16097554564476013,-0.00681420648470521,-0.05864430218935013,0.6209897999101697,-0.0053440943358855075,0.12215278353063135,2.266688585281372
0.36831438541412354,-0.02278587780892849,0.029044803231954575,-0.14255982637405396,-0.007953500375151634,-0.05719202756881714,0.6582157220822596,-0.0004584101943547192,0.13900852310835754,2.28722882270813
0.3685291111469269,-0.022273585200309753,0.03247826173901558,-0.12413337081670761,-0.009067179635167122,-0.05556812882423401,0.6859493732760423,0.0036078358337232608,0.15224744938878546,2.3025100231170654
0.37190482020378113,-0.021765436977148056,0.03640896826982498,-0.10553812980651855,-0.010155451484024525,-0.05374765023589134,0.7155550908981989,0.008373228267046229,0.16705028735967417,2.3188209533691406
0.3731539845466614,-0.022035520523786545,0.041037388145923615,-0.08688043057918549,-0.011257227510213852,-0.051695775240659714,0.7511130332312707,0.014709087219221817,0.1857834642702658,2.338426351547241
0.3742934763431549,-0.0209040567278862,0.04524119943380356,-0.06816575676202774,-0.012302430346608162,-0.04943373426795006,0.7788248655397942,0.020136601441606505,0.2011357258919376,2.353712797164917
0.37783706188201904,-0.02041943371295929,0.0507773794233799,-0.04927390441298485,-0.013323402032256126,-0.04689483344554901,0.8065119106070744,0.02601166915041281,0.2171595886386832,2.3690080642700195
0.3789106011390686,-0.01981247216463089,0.055832087993621826,-0.030328374356031418,-0.014314025640487671,-0.0441032238304615,0.8340292757523307,0.03232187859889951,0.23378867712629567,2.3842406272888184
0.3796277940273285,-0.018645823001861572,0.058909520506858826,-0.011346984654664993,-0.01524631679058075,-0.04115777835249901,0.8610155689896203,0.03899003899801956,0.2508018672457499,2.3992180824279785
0.38093656301498413,-0.018095150589942932,0.06451001763343811,0.007699842564761639,-0.016151074320077896,-0.03793231397867203,0.8955738102014759,0.048262317939384236,0.2736458386925272,2.4184815883636475
0.3821253180503845,-0.016990453004837036,0.07253178209066391,0.02680610679090023,-0.017000596970319748,-0.03430571407079697,0.932391031609268,0.059104465961515584,0.2993402439100522,2.4391212463378906
0.3855413496494293,-0.015622973442077637,0.07860847562551498,0.046083174645900726,-0.01778174564242363,-0.030375272035598755,0.9592924501128504,0.06769595886347363,0.31903243072403514,2.454282283782959
0.3873763978481293,-0.014453306794166565,0.08322453498840332,0.06545199453830719,-0.018504410982131958,-0.02621404454112053,0.9861983196843512,0.07688858085929007,0.33952773288331534,2.4695374965667725
0.38844332098960876,-0.013543888926506042,0.09178216755390167,0.08487416058778763,-0.01918160542845726,-0.021624941378831863,1.0201078535939636,0.08937965332239695,0.3665294821626156,2.4889256954193115
0.3899379074573517,-0.011909902095794678,0.09844786673784256,0.10437105596065521,-0.019777100533246994,-0.016702545806765556,1.0465250604967318,0.09985325971784897,0.3884934384463418,2.504160165786743
0.39233118295669556,-0.01054767519235611,0.10787803679704666,0.12398761510848999,-0.0203044842928648,-0.011308656074106693,1.0744911131312058,0.11169408017451943,0.4126510211896509,2.5204410552978516
0.393638014793396,-0.008823536336421967,0.11408762633800507,0.1436695158481598,-0.020745661109685898,-0.005604252684861422,1.1003865353334499,0.12338927705146518,0.4358651756744409,2.535673141479492
0.3942945599555969,-0.006276629865169525,0.11797834187746048,0.16338424384593964,-0.021059492602944374,0.0002946702006738633,1.1333539443735614,0.13936174839680404,0.46661275545305064,2.555323362350464
0.39588481187820435,-0.003908611834049225,0.12586474418640137,0.18317848443984985,-0.021254923194646835,0.006587918847799301,1.1672502047188158,0.15714023836281488,0.4996364967414445,2.575866460800171
0.39836227893829346,-0.002681165933609009,0.13616812229156494,0.20309659838676453,-0.021388981491327286,0.01339633110910654,1.1849387318949174,0.16700014267029695,0.5174405978098414,2.586737632751465
0.40039747953414917,0.00016335397958755493,0.14641514420509338,0.22311647236347198,-0.021380813792347908,0.02071709930896759,1.2159447145678095,0.18531182048394934,0.5495943654010375,2.6060891151428223
0.39935290813446045,0.0027442723512649536,0.14978978037834167,0.243084117770195,-0.02124360017478466,0.028206588700413704,1.2479301542036858,0.20566774739918847,0.5840190372096227,2.6264889240264893
0.4014965891838074,0.006291307508945465,0.1586696356534958,0.2631589472293854,-0.020929034799337387,0.036140076816082,1.2629402206963096,0.2157680403907586,0.6006090516239263,2.6362361907958984
0.4040318727493286,0.007949844002723694,0.16400761902332306,0.2833605408668518,-0.020531542599201202,0.04434046521782875,1.28568000188831,0.23177745912889391,0.6262649857765309,2.6512343883514404
0.40429890155792236,0.011790469288825989,0.17120720446109772,0.3035754859447479,-0.019942019134759903,0.05290084332227707,1.3143337479361359,0.2532389631128006,0.6594739050134846,2.6705710887908936
0.4053241014480591,0.015137270092964172,0.17758192121982574,0.3238416910171509,-0.019185155630111694,0.06177994981408119,1.3377440322658554,0.27191554041350396,0.6873161428251585,2.6867823600769043
0.40429234504699707,0.018152818083763123,0.1885536015033722,0.34405630826950073,-0.018277514725923538,0.07120763510465622,1.359047157238114,0.28986831978814276,0.7131902280224572,2.701894998550415
0.4063314199447632,0.02189815044403076,0.19822454452514648,0.3643728792667389,-0.017182607203722,0.0811188817024231,1.3797734616423512,0.3082688105399364,0.7388392544798376,2.7169623374938965
0.4069274663925171,0.025033950805664062,0.20963191986083984,0.38471925258636475,-0.015930909663438797,0.09160048514604568,1.3999752501917115,0.32714812732906184,0.76427387048439,2.732029438018799
0.40734171867370605,0.029471293091773987,0.21460595726966858,0.40508633852005005,-0.014457345008850098,0.10233078896999359,1.4264634835401655,0.3534199800317749,0.7982436475476176,2.75240421295166
0.4091310501098633,0.0340060330927372,0.2298470437526703,0.4255428910255432,-0.012757043354213238,0.11382316052913666,1.445465133257687,0.3734067512330034,0.8230238937236519,2.767526626586914
0.41031718254089355,0.038195010274648666,0.23429298400878906,0.4460587501525879,-0.010847292840480804,0.12553782761096954,1.465047797787458,0.39507860971629627,0.848901518317324,2.783590793609619
0.4074174165725708,0.04304340109229088,0.2443065047264099,0.46642962098121643,-0.00869512278586626,0.13775315880775452,1.4877512189477036,0.42167288669578595,0.8793096033552412,2.8028831481933594
0.40621280670166016,0.04687504842877388,0.26039043068885803,0.48674026131629944,-0.0063513703644275665,0.15077273547649384,1.5072183737238438,0.4458330803263161,0.9057088344358744,2.8200807571411133
0.40882885456085205,0.052973672747612,0.26203715801239014,0.507181704044342,-0.003702686633914709,0.16387459635734558,1.5225821811491491,0.4658539969986226,0.9267425812865004,2.834132194519043
0.40831565856933594,0.05780835449695587,0.27023550868034363,0.5275974869728088,-0.0008122689323499799,0.1773863285779953,1.543020631949592,0.4938936458368328,0.9549789647316875,2.8535139560699463
0.40808558464050293,0.06369142979383469,0.26448991894721985,0.548001766204834,0.002372302580624819,0.1906108558177948,1.56040531729314,0.5191070223675291,0.9792119633807084,2.8707165718078613
0.41013479232788086,0.0700463280081749,0.2718799114227295,0.568508505821228,0.005874618887901306,0.20420485734939575,1.574987437621353,0.5413007584039566,0.9996822672678828,2.885711431503296
0.40926337242126465,0.0753052681684494,0.2691926062107086,0.5889716744422913,0.009639882482588291,0.21766452491283417,1.5890608955468954,0.5636918224453917,1.0195570454303524,2.900714159011841
0.40900349617004395,0.08025400340557098,0.27111244201660156,0.6094218492507935,0.01365258265286684,0.23122015595436096,1.6036277373609593,0.587946491764396,1.0402463831616908,2.9168410301208496
0.4061269760131836,0.0859900414943695,0.2745477855205536,0.6297281980514526,0.0179520845413208,0.24494750797748566,1.6212238991670584,0.6188291803576202,1.065392821510105,2.937206983566284
0.4033362865447998,0.09062845259904861,0.27250316739082336,0.6498950123786926,0.02248350717127323,0.25857269763946533,1.6336656706116122,0.641798701957143,1.0832732468242958,2.9522879123687744
0.40804386138916016,0.09811501950025558,0.2773478329181671,0.6702972054481506,0.02738925814628601,0.2724401354789734,1.6456328799583644,0.6648506176372473,1.100549566791013,2.9673666954040527
0.4050886631011963,0.10331690311431885,0.27946579456329346,0.6905516386032104,0.03255510330200195,0.2864134609699249,1.661068886525571,0.6960867591757083,1.122947961982701,2.9877099990844727
0.40284156799316406,0.10863550007343292,0.2782765328884125,0.7106937170028687,0.0379868783056736,0.30032724142074585,1.6718927036178353,0.7190829135310315,1.138733106591901,3.0026731491088867
0.40146708488464355,0.11423319578170776,0.2834736108779907,0.7307670712471008,0.04369853809475899,0.3145010471343994,1.68233832507757,0.742201296470204,1.15403164518548,3.017702102661133
0.4014301300048828,0.12107580900192261,0.2917153239250183,0.750838577747345,0.04975232854485512,0.32908669114112854,1.6924718612800076,0.7655628966910515,1.1689375623828913,3.032886266708374
0.3968632221221924,0.12486197054386139,0.28873705863952637,0.7706817388534546,0.05599542707204819,0.34352362155914307,1.7054160495040893,0.7968549042036908,1.1880773943872143,3.053220272064209
0.3969573974609375,0.13147294521331787,0.29536598920822144,0.7905296087265015,0.06256907433271408,0.3582918345928192,1.7151211966661992,0.8214769782218747,1.2025079493860682,3.0692596435546875
0.39565324783325195,0.1369398832321167,0.29529011249542236,0.8103122711181641,0.06941606849431992,0.37305641174316406,1.723838570881178,0.8445147856297677,1.2155343700874468,3.0843019485473633
0.39570093154907227,0.14432504773139954,0.2987702488899231,0.8300973176956177,0.07663232088088989,0.3879948556423187,1.7350456236625673,0.8755259905775805,1.2323809746604628,3.104599714279175
0.391843318939209,0.14817222952842712,0.29461944103240967,0.8496894836425781,0.08404093235731125,0.40272584557533264,1.7429463164825854,0.8984119268382718,1.2443327119009473,3.1196506023406982
0.3897416591644287,0.15468105673789978,0.3059573769569397,0.8691765666007996,0.09177498519420624,0.4180237650871277,1.7505395980627192,0.9212748851186432,1.2558851325030718,3.1347460746765137
0.3890824317932129,0.16196861863136292,0.30761051177978516,0.8886306881904602,0.09987341612577438,0.4334040880203247,1.7578000933828402,0.9439932540640708,1.2669980685509514,3.149813413619995
0.38379430770874023,0.16648218035697937,0.3096369206905365,0.9078204035758972,0.10819752514362335,0.44888612627983093,1.7647399892933238,0.9665536001626767,1.2776880978710954,3.1648502349853516
0.3844451904296875,0.1729874312877655,0.3067861795425415,0.9270426630973816,0.11684689670801163,0.46422526240348816,1.7737630365533548,0.9972311533918621,1.2916984948314565,3.185420036315918
0.3821074962615967,0.1789306104183197,0.3077237010002136,0.9461480379104614,0.1257934272289276,0.4796115756034851,1.779647402254021,1.0181289629958805,1.300911666098983,3.1995365619659424
0.3788185119628906,0.18586695194244385,0.30780795216560364,0.965088963508606,0.1350867748260498,0.49500197172164917,1.7881966118163608,1.0498714985127002,1.3144196330630094,3.221134901046753
0.3778219223022461,0.1923084259033203,0.30155906081199646,0.9839800596237183,0.14470219612121582,0.5100797414779663,1.7938958241157348,1.0720242095245833,1.3235152472620535,3.236342191696167
0.3733229637145996,0.19816935062408447,0.30563241243362427,1.0026462078094482,0.15461066365242004,0.5253614187240601,1.7993684378972032,1.0941138293162667,1.332326286627983,3.251620292663574
0.37089109420776367,0.20278096199035645,0.3023017644882202,1.0211907625198364,0.16474971175193787,0.5404765605926514,1.804586866766523,1.1159857500886161,1.3408062075459088,3.2668678760528564
0.36979198455810547,0.20948439836502075,0.312014102935791,1.0396803617477417,0.1752239316701889,0.5560773015022278,1.8109038922536556,1.1436149806643174,1.3511857256492934,3.2863123416900635
0.36576032638549805,0.21455734968185425,0.30329009890556335,1.0579683780670166,0.18595179915428162,0.5712418556213379,1.8152556220393294,1.1634493994557196,1.3584174837785572,3.3004050254821777
0.3640151023864746,0.2210700511932373,0.315219521522522,1.0761691331863403,0.19700530171394348,0.5870028734207153,1.8213122822095487,1.1922529276138953,1.3686074599162197,3.321089267730713
0.36047935485839844,0.22778213024139404,0.3116564154624939,1.0941931009292603,0.20839440822601318,0.6025857925415039,1.8255283286281574,1.2132041080025837,1.3757967345701108,3.336301565170288
0.35895824432373047,0.23327916860580444,0.31391441822052,1.1121410131454468,0.2200583666563034,0.6182815432548523,1.8306039608337061,1.239511875916867,1.384570061396764,3.3556251525878906
0.3553295135498047,0.23881912231445312,0.3021445870399475,1.129907488822937,0.23199932277202606,0.6333886384963989,1.8343605041795157,1.259818778818443,1.3911562141993628,3.3707115650177
0.34856081008911133,0.2437344193458557,0.3109053671360016,1.1473355293273926,0.24418604373931885,0.648934006690979,1.8379544337268685,1.27997652587825,1.397539804404628,3.3858468532562256
0.345914363861084,0.24990618228912354,0.29696518182754517,1.1646312475204468,0.256681352853775,0.6637822985649109,1.8415935783171486,1.3011809399193135,1.4040947933751873,3.4019508361816406
0.3418588638305664,0.25409936904907227,0.30066725611686707,1.181724190711975,0.26938632130622864,0.6788155436515808,1.8457770437653762,1.326642092381819,1.411756869628963,3.4215569496154785
0.3377723693847656,0.25922179222106934,0.3061674237251282,1.1986128091812134,0.2823474109172821,0.6941240429878235,1.8488241446925935,1.3459919462134795,1.4174329999004682,3.4366493225097656
0.33675432205200195,0.2659815549850464,0.30758190155029297,1.2154505252838135,0.2956464886665344,0.7095030546188354,1.8515014571199815,1.363608283850527,1.4224940732040954,3.4505462646484375
0.3293585777282715,0.26958227157592773,0.3009470999240875,1.231918454170227,0.3091256022453308,0.7245506048202515,1.8544396015539466,1.3836630321912522,1.4281358924539689,3.466566801071167
0.3250908851623535,0.2746492624282837,0.2881741523742676,1.2481729984283447,0.322858065366745,0.7389591932296753,1.8570522401499936,1.4021890905676313,1.4332377361645132,3.4815568923950195
0.32292842864990234,0.2810770273208618,0.2862716317176819,1.2643194198608398,0.3369119167327881,0.7532728910446167,1.8603737772870976,1.4267841931963476,1.4398532711182839,3.501783609390259
0.31912803649902344,0.2861940860748291,0.28020691871643066,1.280275821685791,0.35122162103652954,0.7672833204269409,1.8625394490087424,1.4435136716474415,1.4442536008567761,3.515733003616333
0.31351566314697266,0.28894364833831787,0.2815400958061218,1.2959516048431396,0.36566880345344543,0.7813602685928345,1.8655261014022777,1.4675873758407552,1.4504490714148293,3.536153793334961
0.3130197525024414,0.2978479862213135,0.2866937518119812,1.3116025924682617,0.3805612027645111,0.7956949472427368,1.8675918033726282,1.4849896463954462,1.4548302652399505,3.5511419773101807
0.3071928024291992,0.2993917465209961,0.2827487885951996,1.3269622325897217,0.3955307900905609,0.8098322153091431,1.869690176396981,1.5033672536112248,1.4593710383934624,3.5672121047973633
0.30185699462890625,0.3025972843170166,0.27559030055999756,1.342055082321167,0.41066065430641174,0.8236117959022522,1.872062598260786,1.52508901723412,1.4646275325302283,3.5865583419799805
0.29735565185546875,0.3068244457244873,0.283767431974411,1.3569228649139404,0.4260018765926361,0.8378000855445862,1.8736752180387242,1.540488909314908,1.4682836527409615,3.6004834175109863
0.293271541595459,0.31053662300109863,0.27969101071357727,1.3715864419937134,0.44152870774269104,0.8517846465110779,1.8759846778706895,1.563548680448915,1.4736521867782124,3.621767282485962
0.2882218360900879,0.31501829624176025,0.2789802551269531,1.3859975337982178,0.45727962255477905,0.865733802318573,1.877403164379208,1.5783648685441032,1.4770361533394292,3.6356654167175293
0.2864527702331543,0.32063305377960205,0.27309882640838623,1.4003201723098755,0.47331127524375916,0.879388689994812,1.8789474301865807,1.595126641122461,1.4808044745339677,3.65165638923645
0.2810382843017578,0.3254932165145874,0.27000975608825684,1.4143720865249634,0.4895859360694885,0.8928892016410828,1.880322478190436,1.6106641259853867,1.4842419693430777,3.6667308807373047
0.27661561965942383,0.32850146293640137,0.26449450850486755,1.4282028675079346,0.5060110092163086,0.9061139822006226,1.8819650916449466,1.6300714545553556,1.48846238938865,3.6859593391418457
0.2725410461425781,0.3320145606994629,0.26353514194488525,1.4418299198150635,0.5226117372512817,0.9192907810211182,1.8832446477949585,1.6459050634344068,1.4918468681325825,3.7019495964050293
0.2681255340576172,0.33698320388793945,0.2707136869430542,1.4552361965179443,0.5394608974456787,0.9328261613845825,1.884375080535812,1.6604788605224738,1.4949164881948145,3.716933250427246
0.260312557220459,0.33575892448425293,0.26603537797927856,1.4682518243789673,0.5562488436698914,0.9461283087730408,1.8857268375748748,1.678716494702237,1.49869769397416,3.736110210418701
0.255129337310791,0.3396594524383545,0.2670327425003052,1.4810082912445068,0.5732318162918091,0.9594796895980835,1.8867816382739746,1.6936380057130578,1.501742783857505,3.7521228790283203
0.2507305145263672,0.3430366516113281,0.26912635564804077,1.4935448169708252,0.5903836488723755,0.9729362726211548,1.8876570779707034,1.7065395131422827,1.5043411585807382,3.766220808029175
0.2479076385498047,0.34510254859924316,0.2661602199077606,1.5059401988983154,0.6076387763023376,0.9862440228462219,1.88883101913552,1.7246724489533705,1.5079402415969285,3.7865424156188965
0.24025201797485352,0.3480339050292969,0.25614410638809204,1.517952799797058,0.6250404715538025,0.9990512728691101,1.8896378104195668,1.7377587567609662,1.5105000299311262,3.801513671875
0.23886442184448242,0.35283923149108887,0.24963366985321045,1.5298960208892822,0.6426824331283569,1.0115327835083008,1.8906011189566683,1.7541474697977362,1.5136622839905658,3.820744514465332
0.23193120956420898,0.35445690155029297,0.25215640664100647,1.5414925813674927,0.6604052782058716,1.0241405963897705,1.8913526079309517,1.7675883824234333,1.516220345063972,3.8368794918060303
0.22621393203735352,0.35561442375183105,0.2505591809749603,1.5528032779693604,0.6781859993934631,1.0366687774658203,1.8920107022241743,1.779896764142392,1.5185354134388818,3.851975202560425
0.2230525016784668,0.3585660457611084,0.25418606400489807,1.5639559030532837,0.6961143016815186,1.049377679824829,1.89279272283354,1.7952685057893751,1.5213904974759263,3.8713512420654297
0.21680116653442383,0.3605771064758301,0.24500179290771484,1.5747959613800049,0.7141431570053101,1.0616278648376465,1.893361186253091,1.8070225212189899,1.5235470189402072,3.8865108489990234
0.2123737335205078,0.3647458553314209,0.2412985861301422,1.5854146480560303,0.7323804497718811,1.073692798614502,1.8938887592686422,1.818430793065891,1.5256184246440208,3.901561737060547
0.20838499069213867,0.36690711975097656,0.23670488595962524,1.5958338975906372,0.7507258057594299,1.0855282545089722,1.8945402362399184,1.83328073590877,1.5282832825303017,3.9217591285705566
0.20405054092407227,0.369189977645874,0.23679575324058533,1.6060364246368408,0.7691853046417236,1.097367763519287,1.894866660734362,1.8410817770536672,1.5296691600032952,3.932563304901123
0.19774913787841797,0.36594152450561523,0.23745906352996826,1.6159238815307617,0.7874823808670044,1.1092406511306763,1.8954126573930552,1.8547510816417379,1.5320746091187551,3.952075958251953
0.19205570220947266,0.36821722984313965,0.22931598126888275,1.6255266666412354,0.8058932423591614,1.120706558227539,1.8959343578764636,1.8686525367072828,1.5344914144924258,3.972599506378174
0.18816232681274414,0.3712880611419678,0.2310895025730133,1.6349347829818726,0.8244576454162598,1.132261037826538,1.8961690658775032,1.875217049445108,1.5356224877939229,3.982464551925659
0.18438100814819336,0.37397027015686035,0.22647014260292053,1.6441538333892822,0.8431561589241028,1.1435847282409668,1.8966133644518526,1.8882574090938071,1.5378502588530594,4.00273060798645
0.1793050765991211,0.37444472312927246,0.22417202591896057,1.6531190872192383,0.8618783950805664,1.1547932624816895,1.8969943775938882,1.9001836515105839,1.5398657581137603,4.021903038024902
0.17444610595703125,0.3757154941558838,0.22213822603225708,1.6618413925170898,0.8806641697883606,1.1659002304077148,1.8972689026950815,1.9092808207335974,1.5413892674601672,4.0369346141815186
0.16955137252807617,0.3770256042480469,0.21781928837299347,1.6703189611434937,0.8995154500007629,1.1767909526824951,1.8975224760713296,1.9181225017092796,1.5428586228434258,4.051952362060547
0.16450881958007812,0.37636518478393555,0.2164602428674698,1.6785444021224976,0.9183337092399597,1.1876142024993896,1.8977581447599716,1.9267773192614996,1.5442861954537919,4.06707501411438
0.16052722930908203,0.3778266906738281,0.21392467617988586,1.6865707635879517,0.9372250437736511,1.198310136795044,1.8980447261470073,1.9379724477142668,1.54611722881342,4.087405443191528
0.1557612419128418,0.3776061534881592,0.21163159608840942,1.6943588256835938,0.9561053514480591,1.2088918685913086,1.8982386166189193,1.946041645441607,1.54742624701511,4.102508068084717
0.15098094940185547,0.37844419479370117,0.20906738936901093,1.7019078731536865,0.9750275611877441,1.2193450927734375,1.8984272091455323,1.9543481900787238,1.548764471980827,4.118563652038574
0.1464080810546875,0.3763425350189209,0.20338506996631622,1.709228277206421,0.9938446879386902,1.229514241218567,1.8986403150115847,1.9643853822144095,1.5503690694626373,4.138783931732178
0.14184951782226562,0.378342866897583,0.20015737414360046,1.7163207530975342,1.0127618312835693,1.239522099494934,1.898820565094124,1.9735335011201731,1.5518198108831966,4.157980918884277
0.13728857040405273,0.37780046463012695,0.19907262921333313,1.7231851816177368,1.0316518545150757,1.2494759559631348,1.898947620599478,1.980425484582799,1.5529054623257348,4.17292594909668
0.13337373733520508,0.3780221939086914,0.1994393914937973,1.729853868484497,1.0505529642105103,1.259447693824768,1.8991088029588012,1.9898202319295466,1.5543753567067016,4.194283485412598
0.12858867645263672,0.37760496139526367,0.1964550018310547,1.736283302307129,1.0694332122802734,1.269270658493042,1.8992110421392854,1.9962411386654804,1.5553733911064875,4.209402084350586
0.12447834014892578,0.37723779678344727,0.19305720925331116,1.7425072193145752,1.0882951021194458,1.278923511505127,1.899361908403941,2.006555532541128,1.5569655547148964,4.235198974609375
0.1203298568725586,0.37662744522094727,0.1902625858783722,1.7485237121582031,1.1071264743804932,1.2884365320205688,1.8994390890362272,2.01231990109909,1.5578494807208552,4.250162363052368
0.11599063873291016,0.37633419036865234,0.1848638951778412,1.7543232440948486,1.1259431838989258,1.2976796627044678,1.8994898929055326,2.016339056865391,1.5584633162159884,4.2608802318573
0.1116633415222168,0.37430286407470703,0.1815699189901352,1.7599064111709595,1.1446583271026611,1.306758165359497,1.8995544639697828,2.021755525782011,1.5592873641520415,4.27588152885437
0.10761499404907227,0.37444353103637695,0.1766512542963028,1.765287160873413,1.16338050365448,1.3155906200408936,1.8996084222329834,2.026598152853913,1.560021021057678,4.289788007736206
0.1038360595703125,0.37167787551879883,0.1783864051103592,1.7704789638519287,1.18196439743042,1.3245099782943726,1.8996608416636054,2.031640921652599,1.5607819202123543,4.304860830307007
0.09915351867675781,0.3694629669189453,0.17510780692100525,1.7754366397857666,1.2004375457763672,1.3332654237747192,1.899692158501545,2.0348451211691865,1.5612637757172059,4.314700126647949
0.09646177291870117,0.3721141815185547,0.17241336405277252,1.7802597284317017,1.219043254852295,1.341886043548584,1.899724227145679,2.0383032617093844,1.5617824108296956,4.325644493103027
0.0919032096862793,0.3687477111816406,0.1677573323249817,1.7848548889160156,1.237480640411377,1.350273847579956,1.8997763200443167,2.044389502682148,1.5626916624756337,4.346044540405273
0.08849382400512695,0.3682231903076172,0.16553673148155212,1.789279580116272,1.2558917999267578,1.358550786972046,1.89979882877733,2.0472414215461185,1.5631161812139398,4.355886220932007
0.08482217788696289,0.366058349609375,0.1654977798461914,1.7935206890106201,1.2741947174072266,1.3668255805969238,1.8998316705184728,2.0517106384709365,1.5637794715699551,4.372065544128418
0.08157491683959961,0.36575794219970703,0.16161829233169556,1.7975994348526,1.292482614517212,1.3749065399169922,1.8998588442641533,2.055755765059879,1.564377758110646,4.3874146938323975
0.07798433303833008,0.3608274459838867,0.16392134130001068,1.8014986515045166,1.3105239868164062,1.383102536201477,1.8998806480185602,2.0592967966260223,1.5648998861125374,4.401458263397217
0.074920654296875,0.3615880012512207,0.15544871985912323,1.8052446842193604,1.3286033868789673,1.390874981880188,1.899901081209729,2.0629264303842,1.565433534129304,4.416572570800781
0.07125377655029297,0.36075592041015625,0.15275269746780396,1.808807373046875,1.346641182899475,1.398512601852417,1.8999241849101762,2.067523444670927,1.5661071781273164,4.437067270278931
0.06788969039916992,0.358884334564209,0.14777593314647675,1.8122018575668335,1.3645853996276855,1.4059014320373535,1.8999386013733017,2.0707612142637752,1.5665801479688193,4.452284336090088
0.06514787673950195,0.35785913467407227,0.14598609507083893,1.8154592514038086,1.3824783563613892,1.4132006168365479,1.8999500037996042,2.0736055047931146,1.5669946263089152,4.4663379192352295
0.06183624267578125,0.3557705879211426,0.1435265839099884,1.8185510635375977,1.4002668857574463,1.4203771352767944,1.8999640210730124,2.0775973165659107,1.5675747341222754,4.487671136856079
0.059332847595214844,0.35494327545166016,0.14151442050933838,1.8215177059173584,1.4180140495300293,1.4274529218673706,1.8999720764295767,2.0802569073349466,1.5679602104381498,4.5027313232421875
0.05635499954223633,0.35152673721313477,0.13634268939495087,1.8243354558944702,1.435590386390686,1.434269905090332,1.8999783631469607,2.0826154681880085,1.5683013712419145,4.5168538093566895
0.0530695915222168,0.35085201263427734,0.1350170522928238,1.826988935470581,1.4531329870224,1.4410207271575928,1.899984235181341,2.0851557913148433,1.5686681057439926,4.533108472824097
0.05063056945800781,0.34785985946655273,0.13251563906669617,1.8295204639434814,1.4705259799957275,1.4476464986801147,1.8999896098223605,2.087944510824901,1.5690698455026892,4.55248498916626
0.04755973815917969,0.34658193588256836,0.13058842718601227,1.8318984508514404,1.487855076789856,1.4541759490966797,1.89999304035665,2.090130554109535,1.5693841409531908,4.568816900253296
0.0449371337890625,0.3455948829650879,0.12828773260116577,1.8341453075408936,1.5051348209381104,1.4605902433395386,1.8999954811560256,2.092045311664421,1.5696589837553527,4.584172248840332
0.042438507080078125,0.3428077697753906,0.1258278489112854,1.8362672328948975,1.5222752094268799,1.4668816328048706,1.8999978098177648,2.0944602709689413,1.5700050289079805,4.6056554317474365
0.03980398178100586,0.33945798873901367,0.12349319458007812,1.8382574319839478,1.5392481088638306,1.473056435585022,1.899998884236487,2.0960451905136237,1.5702317750999362,4.620888710021973
0.03804445266723633,0.33748865127563477,0.12293855845928192,1.8401596546173096,1.5561225414276123,1.4792031049728394,1.8999995194160937,2.0974040151234346,1.570425948009492,4.634955883026123
0.03554344177246094,0.33597230911254883,0.1155349463224411,1.8419368267059326,1.5729211568832397,1.4849801063537598,1.899999887175692,2.0987419563645235,1.5706169322750896,4.6500020027160645
0.032575130462646484,0.33548831939697266,0.11373799294233322,1.843565583229065,1.5896955728530884,1.4906671047210693,1.8999999912906367,2.100349606751846,1.5708461482611056,4.6703431606292725
0.030682086944580078,0.33234357833862305,0.1088649332523346,1.845099687576294,1.6063127517700195,1.496110200881958,1.8999998538379725,2.1014324055914027,1.5710003672984147,4.6853649616241455
0.028467178344726562,0.3302311897277832,0.10513873398303986,1.8465230464935303,1.6228243112564087,1.501367211341858,1.8999994716355555,2.1027238900097616,1.5711841357474883,4.705826759338379
0.026788711547851562,0.3281426429748535,0.10189921408891678,1.8478624820709229,1.6392314434051514,1.5064623355865479,1.8999990882798017,2.1035785125281423,1.5713056387700626,4.7208473682403564
0.024390220642089844,0.3257608413696289,0.09821318089962006,1.8490819931030273,1.6555194854736328,1.511372685432434,1.8999986857295386,2.104296900400057,1.571407709534851,4.73482608795166
0.022480487823486328,0.3238344192504883,0.09227409213781357,1.8502060174942017,1.6717112064361572,1.5159863233566284,1.8999982296519748,2.1049874872208054,1.5715057755574007,4.749919414520264
0.02031564712524414,0.3214836120605469,0.08953110128641129,1.8512217998504639,1.6877853870391846,1.5204631090164185,1.8999977404676225,2.105635063822048,1.5715976853006415,4.7660791873931885
0.019223690032958984,0.31935691833496094,0.08469164371490479,1.8521829843521118,1.7037532329559326,1.5246975421905518,1.8999971605906751,2.1063174618203067,1.5716944862795408,4.786495685577393
0.017859935760498047,0.31501054763793945,0.0793415978550911,1.8530759811401367,1.7195037603378296,1.528664469718933,1.8999967526782997,2.10675641639846,1.5717567262041523,4.801709175109863
0.015804767608642578,0.3133082389831543,0.07415412366390228,1.8538662195205688,1.7351691722869873,1.532372236251831,1.8999963842063303,2.1071297932991855,1.5718096507912747,4.816869735717773
0.01447916030883789,0.3108644485473633,0.0706523060798645,1.8545901775360107,1.7507123947143555,1.535904884338379,1.8999959873195695,2.10751128493635,1.5718637094787593,4.83621883392334
0.01298666000366211,0.31000852584838867,0.06230460852384567,1.8552395105361938,1.766212821006775,1.53902006149292,1.8999957209531204,2.107756834442577,1.5718984960749156,4.851322889328003
0.011661052703857422,0.3071260452270508,0.056437671184539795,1.8558225631713867,1.7815691232681274,1.541841983795166,1.8999954549957407,2.107994508071869,1.5719321604807794,4.870613098144531
0.011005401611328125,0.30475616455078125,0.050812769681215286,1.8563728332519531,1.7968069314956665,1.5443825721740723,1.8999952889763476,2.108139365060865,1.5719526751150252,4.885661363601685
0.009453296661376953,0.3034520149230957,0.046270545572042465,1.856845498085022,1.8119795322418213,1.5466961860656738,1.8999951554578893,2.1082540256141664,1.571968911668047,4.901803493499756
0.008876323699951172,0.3006625175476074,0.039449963718652725,1.8572893142700195,1.8270126581192017,1.5486685037612915,1.899995061139976,2.1083340745808785,1.5719802461618544,4.917931318283081
0.007920265197753906,0.29774904251098633,0.031965382397174835,1.8576853275299072,1.841900110244751,1.5502668619155884,1.8999949945088381,2.1083901665484572,1.5719881880491404,4.937263011932373
0.0069332122802734375,0.2955770492553711,0.02431446872651577,1.858031988143921,1.8566789627075195,1.5514825582504272,1.8999949643155885,2.108415461388976,1.5719917693518317,4.952409744262695
0.006031990051269531,0.2933931350708008,0.01583801582455635,1.8583335876464844,1.8713486194610596,1.552274465560913,1.8999949502625586,2.1084272087157054,1.5719934325414957,4.967378854751587
0.005748271942138672,0.2909374237060547,0.00875619612634182,1.8586210012435913,1.8858954906463623,1.5527124404907227,1.8999949472226183,2.108429747742055,1.5719937920154976,4.986626386642456
0.005536079406738281,0.28862953186035156,-2.753716216830071e-06,1.8588978052139282,1.9003269672393799,1.552712082862854,1.8999949471857793,2.108429778505543,1.5719937963709714,5.001665353775024
